fold	MAE	EVS	R2
1	0.004682731053406815	0.32149515078562596	0.32149503374185107
2	0.004408848589128403	0.3555941869782441	0.35488156989978925
3	0.004825716478328951	0.2246418705344787	0.21529156913585856
4	0.004076753663815472	0.2838750660856142	0.28355385801357713
5	0.00442513848055943	0.29129069962367915	0.2909285069075924
